<?xml version="1.0" encoding="UTF-8"?>
<!DOCTYPE mapper PUBLIC "-//mybatis.org//DTD Mapper 3.0//EN" "http://mybatis.org/dtd/mybatis-3-mapper.dtd">
<mapper namespace="com.example.mapper.AddMapper">
	<select id="list" resultType="com.example.domain.AddVO">
		select * from tbl_address order by ano desc
	</select>
	<select id ="read" resultType="com.example.domain.AddVO">
		select * from tbl_address where ano=#{ano}
	</select>
	<insert id = "insert">
		insert into tbl_address(name,tel,addr) values(#{name}, #{tel}, #{addr})
	</insert>
	<update id = "update">
		update tbl_address set name=#{name}, tel=#{tel}, addr=#{addr}
		where ano=#{ano}
	</update>
	<delete id = "delete">
		delete from tbl_address where ano=#{ano}
	</delete>
</mapper>