<?xml version="1.0" encoding="UTF-8"?>
<!DOCTYPE mapper PUBLIC "-//mybatis.org//DTD Mapper 3.0//EN" "http://mybatis.org/dtd/mybatis-3-mapper.dtd">
<mapper namespace="com.example.mapper.ReplyMapper">
	<select id = "totalCount" resultType = "int">
		select count(*) from tbl_reply
		where bno = #{bno}
	</select>
	
	<select id="list" resultType="com.example.domain.ReplyVO">
		select * from tbl_reply
		where bno=#{bno}
		order by rno desc
		limit #{cri.pageStart}, #{cri.perPageNum}
	</select>
	
	<insert id="insert">
		insert into tbl_reply(bno, reply, replyer) 
		values(#{bno}, #{reply}, #{replyer})
	</insert>
	
	<delete id="delete">
		delete from tbl_reply where rno=#{rno}
	</delete>
	
	<select id="read" resultType="com.example.domain.ReplyVO">
		select * from tbl_reply
		where rno=#{rno}
	</select>
</mapper>