<?xml version="1.0" encoding="UTF-8"?>
<!DOCTYPE mapper PUBLIC "-//mybatis.org//DTD Mapper 3.0//EN" "http://mybatis.org/dtd/mybatis-3-mapper.dtd">
<mapper namespace="com.example.mapper_oracle.BoardMapper">
	<select id="totalCount" resultType="int">
		select count(*) from tbl_board
		<if test="searchType=='title'">
			where title like '%' || #{keyword} || '%'
		</if>
		<if test="searchType=='writer'">
			where writer like '%' || #{keyword} || '%'
		</if>
		<if test="searchType=='content'">
			where content like '%' || #{keyword} || '%'
		</if>
	</select>
	
	<select id="list" resultType="com.example.domain.BoardVO">
		select * from
		(select rownum rn, tbl.* from
		(select * from tbl_board
		<if test="searchType=='title'">
			where title like '%' || #{keyword} || '%'
		</if>
		<if test="searchType=='writer'">
			where writer like '%' || #{keyword} || '%'
		</if>
		<if test="searchType=='content'">
			where content like '%' || #{keyword} || '%'
		</if>
		order by bno desc) tbl)
		where rn between (#{pageStart} + 1) and
		(#{pageStart} + #{perPageNum})
	</select>
</mapper>