<?xml version="1.0" encoding="UTF-8"?>
<!DOCTYPE mapper PUBLIC "-//mybatis.org//DTD Mapper 3.0//EN" "http://mybatis.org/dtd/mybatis-3-mapper.dtd">
<mapper namespace="com.example.mapper.BoardMapper">
	<select id="list" resultType="com.example.domain.BoardVO">
		select * from tbl_board
		order by bno desc
		limit #{pageStart}, #{perPageNum}
	</select>
	
	<select id="totalCount" resultType="int">
		select count(*) from tbl_board
	</select>
	
	<insert id="addAttach">
		insert into tbl_attach(fileName, bno) values(#{fileName}, (select max(bno) from tbl_board))
	</insert>
	
	<insert id="insert">
		insert into tbl_board(title, content, writer) values(#{title}, #{content}, #{writer})
	</insert>
	
	<select id="read" resultType="com.example.domain.BoardVO">
		select * from tbl_board
		where bno=#{bno}
	</select>
	
	<select id="getAttach" resultType="string">
		select fileName from tbl_attach
		where bno=#{bno}
	</select>
</mapper>