<?xml version="1.0" encoding="UTF-8"?>
<!DOCTYPE mapper PUBLIC "-//mybatis.org//DTD Mapper 3.0//EN" "http://mybatis.org/dtd/mybatis-3-mapper.dtd">
<mapper namespace="com.example.mapper.ProductMapper">
	<insert id="insertImage">
		insert into tbl_image(image, pcode) values(#{image}, (select max(pcode) from tbl_product))
	</insert>

	<insert id="insert">
		insert into tbl_product(pname, price, image) values(#{pname}, #{price}, #{image})
	</insert>
	
	<select id="list" resultType="com.example.domain.ProductVO">
		select * from tbl_product
		<if test="searchType=='pname'">
			where pname like concat('%', #{keyword}, '%')
		</if>
		
		<if test="searchType=='price1'">
			<![CDATA[
			where price <= #{keyword}
			]]>
		</if>
		
		<if test="searchType=='price2'">
			<![CDATA[
			where price >= #{keyword}
			]]>
		</if>
		
		order by pcode desc
		limit #{pageStart}, #{perPageNum}
	</select>
	
	<select id="totalCount" resultType="int">
		select count(*) from tbl_product
		<if test="searchType=='pname'">
			where pname like concat('%', #{keyword}, '%')
		</if>
		
		<if test="searchType=='price1'">
			<![CDATA[
			where price <= #{keyword}
			]]>
		</if>
		
		<if test="searchType=='price2'">
			<![CDATA[
			where price >= #{keyword}
			]]>
		</if>
	</select>
</mapper>